-- MySQL dump 10.13  Distrib 8.0.19, for Linux (x86_64)
--
-- Host: 127.0.0.1    Database: FLINT
-- ------------------------------------------------------
-- Server version	8.0.19

/*!40101 SET @OLD_CHARACTER_SET_CLIENT=@@CHARACTER_SET_CLIENT */;
/*!40101 SET @OLD_CHARACTER_SET_RESULTS=@@CHARACTER_SET_RESULTS */;
/*!40101 SET @OLD_COLLATION_CONNECTION=@@COLLATION_CONNECTION */;
/*!50503 SET NAMES utf8mb4 */;
/*!40103 SET @OLD_TIME_ZONE=@@TIME_ZONE */;
/*!40103 SET TIME_ZONE='+00:00' */;
/*!40014 SET @OLD_UNIQUE_CHECKS=@@UNIQUE_CHECKS, UNIQUE_CHECKS=0 */;
/*!40014 SET @OLD_FOREIGN_KEY_CHECKS=@@FOREIGN_KEY_CHECKS, FOREIGN_KEY_CHECKS=0 */;
/*!40101 SET @OLD_SQL_MODE=@@SQL_MODE, SQL_MODE='NO_AUTO_VALUE_ON_ZERO' */;
/*!40111 SET @OLD_SQL_NOTES=@@SQL_NOTES, SQL_NOTES=0 */;

--
-- Current Database: `FLINT`
--

CREATE DATABASE /*!32312 IF NOT EXISTS*/ `FLINT` /*!40100 DEFAULT CHARACTER SET utf8mb4 COLLATE utf8mb4_0900_ai_ci */ /*!80016 DEFAULT ENCRYPTION='N' */;

USE `FLINT`;

--
-- Table structure for table `bye_round`
--

DROP TABLE IF EXISTS `bye_round`;
/*!40101 SET @saved_cs_client     = @@character_set_client */;
/*!50503 SET character_set_client = utf8mb4 */;
CREATE TABLE `bye_round` (
  `br_id` int NOT NULL AUTO_INCREMENT,
  `br_round` int DEFAULT NULL,
  `br_year` int DEFAULT NULL,
  PRIMARY KEY (`br_id`)
) ENGINE=InnoDB AUTO_INCREMENT=4 DEFAULT CHARSET=latin1;
/*!40101 SET character_set_client = @saved_cs_client */;

--
-- Dumping data for table `bye_round`
--

LOCK TABLES `bye_round` WRITE;
/*!40000 ALTER TABLE `bye_round` DISABLE KEYS */;
INSERT INTO `bye_round` VALUES (1,12,2019),(2,13,2019),(3,14,2019);
/*!40000 ALTER TABLE `bye_round` ENABLE KEYS */;
UNLOCK TABLES;

--
-- Table structure for table `coach`
--

DROP TABLE IF EXISTS `coach`;
/*!40101 SET @saved_cs_client     = @@character_set_client */;
/*!50503 SET character_set_client = utf8mb4 */;
CREATE TABLE `coach` (
  `c_coach_id` varchar(20) NOT NULL,
  `c_team_name` varchar(200) DEFAULT NULL,
  `c_ult_first_name` varchar(200) DEFAULT NULL,
  `c_year` int DEFAULT NULL,
  PRIMARY KEY (`c_coach_id`)
) ENGINE=InnoDB DEFAULT CHARSET=latin1;
/*!40101 SET character_set_client = @saved_cs_client */;

--
-- Dumping data for table `coach`
--

LOCK TABLES `coach` WRITE;
/*!40000 ALTER TABLE `coach` DISABLE KEYS */;
INSERT INTO `coach` VALUES ('bark','PASSWORD IS BAYSIDE','Marcus',2019),('calv','The Spreadsheet','Lucas',2019),('cost','CostaWhyte','Andy',2019),('davo','flamingos','The Swarm',2019),('doe','Mushroom Alfredo','James',2019),('fewy','The Dow Jones','James',2019),('frank','The Bev Temples','Franco',2019),('gab','Shrooms are great','Gabriel',2019),('jim','Stand By Crouch','jermes',2019),('karl','Bayside City Council','Karl',2019),('kev','Derry Boys','Kevin',2019),('milbs','TOOMUCHDOG','Andrew',2019),('salc','_thebiggerboi_','Chris',2019),('sam','Trunk','Sam',2019),('schlong','Green Heinekens','Jack',2019),('shust','The Faceless Men','shuster',2019),('staff','Costa\'s Shroom Caps ','staffa',2019),('steve','Ardern\'s Army','Steve',2019);
/*!40000 ALTER TABLE `coach` ENABLE KEYS */;
UNLOCK TABLES;

--
-- Table structure for table `round_matchup`
--

DROP TABLE IF EXISTS `round_matchup`;
/*!40101 SET @saved_cs_client     = @@character_set_client */;
/*!50503 SET character_set_client = utf8mb4 */;
CREATE TABLE `round_matchup` (
  `rm_id` int NOT NULL AUTO_INCREMENT,
  `rm_round` int DEFAULT NULL,
  `rm_year` int DEFAULT NULL,
  `rm_c_coach_id_1` varchar(20) DEFAULT NULL,
  `rm_c_coach_id_2` varchar(20) DEFAULT NULL,
  PRIMARY KEY (`rm_id`),
  KEY `rm_c_coach_id_1` (`rm_c_coach_id_1`),
  KEY `rm_c_coach_id_2` (`rm_c_coach_id_2`),
  CONSTRAINT `round_matchup_ibfk_1` FOREIGN KEY (`rm_c_coach_id_1`) REFERENCES `coach` (`c_coach_id`) ON DELETE SET NULL,
  CONSTRAINT `round_matchup_ibfk_2` FOREIGN KEY (`rm_c_coach_id_2`) REFERENCES `coach` (`c_coach_id`) ON DELETE SET NULL
) ENGINE=InnoDB AUTO_INCREMENT=196 DEFAULT CHARSET=latin1;
/*!40101 SET character_set_client = @saved_cs_client */;

--
-- Dumping data for table `round_matchup`
--

LOCK TABLES `round_matchup` WRITE;
/*!40000 ALTER TABLE `round_matchup` DISABLE KEYS */;
INSERT INTO `round_matchup` VALUES (1,1,2019,'jim','gab'),(2,1,2019,'staff','bark'),(3,1,2019,'schlong','steve'),(4,1,2019,'kev','davo'),(5,1,2019,'doe','calv'),(6,1,2019,'frank','sam'),(7,1,2019,'karl','cost'),(8,1,2019,'milbs','shust'),(9,1,2019,'salc','fewy'),(10,2,2019,'jim','davo'),(11,2,2019,'staff','steve'),(12,2,2019,'schlong','kev'),(13,2,2019,'doe','bark'),(14,2,2019,'frank','gab'),(15,2,2019,'karl','calv'),(16,2,2019,'milbs','sam'),(17,2,2019,'salc','cost'),(18,2,2019,'shust','fewy'),(19,3,2019,'jim','schlong'),(20,3,2019,'staff','doe'),(21,3,2019,'kev','frank'),(22,3,2019,'karl','steve'),(23,3,2019,'milbs','davo'),(24,3,2019,'salc','bark'),(25,3,2019,'gab','fewy'),(26,3,2019,'calv','shust'),(27,3,2019,'sam','cost'),(28,4,2019,'jim','frank'),(29,4,2019,'gab','cost'),(30,4,2019,'bark','shust'),(31,4,2019,'davo','fewy'),(32,4,2019,'salc','steve'),(33,4,2019,'kev','milbs'),(34,4,2019,'staff','karl'),(35,4,2019,'sam','calv'),(36,4,2019,'schlong','doe'),(37,5,2019,'jim','milbs'),(38,5,2019,'davo','cost'),(39,5,2019,'sam','bark'),(40,5,2019,'gab','calv'),(41,5,2019,'kev','fewy'),(42,5,2019,'staff','salc'),(43,5,2019,'shust','steve'),(44,5,2019,'doe','karl'),(45,5,2019,'schlong','frank'),(46,6,2019,'schlong','karl'),(47,6,2019,'milbs','frank'),(48,6,2019,'doe','salc'),(49,6,2019,'jim','fewy'),(50,6,2019,'staff','shust'),(51,6,2019,'kev','cost'),(52,6,2019,'sam','steve'),(53,6,2019,'davo','calv'),(54,6,2019,'gab','bark'),(55,7,2019,'schlong','milbs'),(56,7,2019,'karl','salc'),(57,7,2019,'frank','fewy'),(58,7,2019,'doe','shust'),(59,7,2019,'jim','cost'),(60,7,2019,'staff','sam'),(61,7,2019,'kev','calv'),(62,7,2019,'gab','steve'),(63,7,2019,'davo','bark'),(64,8,2019,'karl','shust'),(65,8,2019,'milbs','fewy'),(66,8,2019,'schlong','salc'),(67,8,2019,'frank','cost'),(68,8,2019,'doe','sam'),(69,8,2019,'jim','calv'),(70,8,2019,'staff','gab'),(71,8,2019,'kev','bark'),(72,8,2019,'davo','steve'),(73,9,2019,'schlong','fewy'),(74,9,2019,'jim','bark'),(75,9,2019,'staff','davo'),(76,9,2019,'kev','steve'),(77,9,2019,'salc','shust'),(78,9,2019,'milbs','cost'),(79,9,2019,'sam','karl'),(80,9,2019,'frank','calv'),(81,9,2019,'doe','gab'),(82,10,2019,'fewy','cost'),(83,10,2019,'sam','salc'),(84,10,2019,'milbs','calv'),(85,10,2019,'gab','karl'),(86,10,2019,'frank','bark'),(87,10,2019,'doe','davo'),(88,10,2019,'jim','steve'),(89,10,2019,'staff','kev'),(90,10,2019,'schlong','shust'),(91,11,2019,'schlong','cost'),(92,11,2019,'sam','shust'),(93,11,2019,'calv','fewy'),(94,11,2019,'gab','salc'),(95,11,2019,'milbs','bark'),(96,11,2019,'davo','karl'),(97,11,2019,'frank','steve'),(98,11,2019,'doe','kev'),(99,11,2019,'jim','staff'),(100,12,2019,'shust','cost'),(101,12,2019,'sam','fewy'),(102,12,2019,'salc','calv'),(103,12,2019,'milbs','gab'),(104,12,2019,'karl','bark'),(105,12,2019,'frank','davo'),(106,12,2019,'doe','steve'),(107,12,2019,'jim','kev'),(108,12,2019,'schlong','staff'),(109,13,2019,'shust','cost'),(110,13,2019,'sam','fewy'),(111,13,2019,'salc','calv'),(112,13,2019,'milbs','gab'),(113,13,2019,'karl','bark'),(114,13,2019,'frank','davo'),(115,13,2019,'doe','steve'),(116,13,2019,'jim','kev'),(117,13,2019,'schlong','staff'),(118,14,2019,'shust','cost'),(119,14,2019,'sam','fewy'),(120,14,2019,'salc','calv'),(121,14,2019,'milbs','gab'),(122,14,2019,'karl','bark'),(123,14,2019,'frank','davo'),(124,14,2019,'doe','steve'),(125,14,2019,'jim','kev'),(126,14,2019,'schlong','staff'),(127,15,2019,'davo','salc'),(128,15,2019,'jim','doe'),(129,15,2019,'milbs','steve'),(130,15,2019,'kev','karl'),(131,15,2019,'staff','frank'),(132,15,2019,'bark','fewy'),(133,15,2019,'gab','shust'),(134,15,2019,'calv','cost'),(135,15,2019,'schlong','sam'),(136,16,2019,'schlong','calv'),(137,16,2019,'jim','karl'),(138,16,2019,'doe','frank'),(139,16,2019,'sam','gab'),(140,16,2019,'bark','cost'),(141,16,2019,'davo','shust'),(142,16,2019,'steve','fewy'),(143,16,2019,'kev','salc'),(144,16,2019,'staff','milbs'),(145,17,2019,'calv','bark'),(146,17,2019,'schlong','gab'),(147,17,2019,'sam','davo'),(148,17,2019,'steve','cost'),(149,17,2019,'kev','shust'),(150,17,2019,'staff','fewy'),(151,17,2019,'doe','milbs'),(152,17,2019,'frank','karl'),(153,17,2019,'jim','salc'),(154,18,2019,'schlong','bark'),(155,18,2019,'gab','davo'),(156,18,2019,'calv','steve'),(157,18,2019,'kev','sam'),(158,18,2019,'staff','cost'),(159,18,2019,'staff','cost'),(160,18,2019,'doe','fewy'),(161,18,2019,'frank','salc'),(162,18,2019,'milbs','karl'),(163,19,2019,'milbs','salc'),(164,19,2019,'karl','fewy'),(165,19,2019,'frank','shust'),(166,19,2019,'doe','cost'),(167,19,2019,'staff','calv'),(168,19,2019,'jim','sam'),(169,19,2019,'kev','gab'),(170,19,2019,'bark','steve'),(171,19,2019,'schlong','davo'),(172,20,2019,'jim','frank'),(173,20,2019,'sam','steve'),(174,20,2019,'doe','kev'),(175,20,2019,'bark','fewy'),(176,20,2019,'schlong','calv'),(177,20,2019,'milbs','karl'),(178,20,2019,'staff','salc'),(179,20,2019,'gab','davo'),(180,21,2019,'jim','doe'),(181,21,2019,'bark','steve'),(182,21,2019,'kev','fewy'),(183,21,2019,'schlong','staff'),(184,21,2019,'milbs','gab'),(185,21,2019,'davo','salc'),(186,22,2019,'frank','steve'),(187,22,2019,'jim','sam'),(188,22,2019,'doe','bark'),(189,22,2019,'milbs','calv'),(190,22,2019,'schlong','karl'),(191,22,2019,'staff','gab'),(192,23,2019,'jim','steve'),(193,23,2019,'frank','sam'),(194,23,2019,'karl','calv'),(195,23,2019,'schlong','milbs');
/*!40000 ALTER TABLE `round_matchup` ENABLE KEYS */;
UNLOCK TABLES;

--
-- Table structure for table `round_score`
--

DROP TABLE IF EXISTS `round_score`;
/*!40101 SET @saved_cs_client     = @@character_set_client */;
/*!50503 SET character_set_client = utf8mb4 */;
CREATE TABLE `round_score` (
  `rs_id` int NOT NULL AUTO_INCREMENT,
  `rs_round` int DEFAULT NULL,
  `rs_year` int DEFAULT NULL,
  `rs_c_coach_id` varchar(20) DEFAULT NULL,
  `rs_score` int DEFAULT NULL,
  `rs_kicks` int DEFAULT NULL,
  `rs_handballs` int DEFAULT NULL,
  `rs_marks` int DEFAULT NULL,
  `rs_hitouts` int DEFAULT NULL,
  `rs_tackles` int DEFAULT NULL,
  `rs_disposal_efficiency` float(7,6) DEFAULT NULL,
  `rs_contested_posessions` int DEFAULT NULL,
  `rs_rebound_50s` int DEFAULT NULL,
  `rs_clearances` int DEFAULT NULL,
  `rs_spoils` int DEFAULT NULL,
  PRIMARY KEY (`rs_id`),
  KEY `rs_c_coach_id` (`rs_c_coach_id`),
  CONSTRAINT `round_score_ibfk_1` FOREIGN KEY (`rs_c_coach_id`) REFERENCES `coach` (`c_coach_id`) ON DELETE SET NULL
) ENGINE=InnoDB AUTO_INCREMENT=391 DEFAULT CHARSET=latin1;
/*!40101 SET character_set_client = @saved_cs_client */;

--
-- Dumping data for table `round_score`
--

LOCK TABLES `round_score` WRITE;
/*!40000 ALTER TABLE `round_score` DISABLE KEYS */;
INSERT INTO `round_score` VALUES (1,1,2019,'jim',64,139,78,55,16,37,0.673000,79,36,26,43),(2,1,2019,'gab',23,128,108,48,18,44,0.725000,80,24,21,13),(3,1,2019,'staff',40,124,71,44,35,34,0.718000,71,21,22,10),(4,1,2019,'bark',65,171,83,47,34,45,0.677000,97,35,32,15),(5,1,2019,'schlong',32,138,102,48,16,31,0.725000,103,25,35,12),(6,1,2019,'steve',54,141,121,49,34,40,0.725000,107,22,40,17),(7,1,2019,'kev',47,133,90,49,45,29,0.717000,80,24,17,14),(8,1,2019,'davo',45,127,101,45,16,34,0.750000,100,34,26,24),(9,1,2019,'doe',57,162,106,52,6,41,0.716000,112,22,43,14),(10,1,2019,'calv',23,134,125,45,20,42,0.703000,113,28,32,12),(11,1,2019,'frank',26,135,107,39,16,39,0.756000,110,29,27,12),(12,1,2019,'sam',25,150,116,54,32,37,0.703000,108,37,35,20),(13,1,2019,'karl',39,120,109,40,25,45,0.690000,91,26,26,24),(14,1,2019,'cost',51,120,94,50,36,33,0.706000,80,30,17,17),(15,1,2019,'milbs',31,160,79,64,21,28,0.686000,75,45,12,24),(16,1,2019,'shust',45,126,87,41,41,34,0.718000,94,28,31,9),(17,1,2019,'salc',35,133,102,54,23,25,0.745000,84,20,30,21),(18,1,2019,'fewy',99,142,66,63,0,35,0.692000,86,21,15,15),(19,2,2019,'jim',66,154,75,57,38,30,0.633000,83,26,21,31),(20,2,2019,'davo',61,127,101,45,14,49,0.724000,83,25,24,19),(21,2,2019,'staff',38,156,81,54,37,27,0.684000,102,25,37,9),(22,2,2019,'steve',41,158,120,64,34,36,0.705000,125,34,39,10),(23,2,2019,'schlong',37,140,105,60,44,43,0.657000,98,20,30,9),(24,2,2019,'kev',53,127,83,40,23,35,0.733000,83,25,19,21),(25,2,2019,'doe',30,151,112,64,11,30,0.707000,110,21,50,15),(26,2,2019,'bark',35,137,108,49,23,40,0.682000,108,17,44,13),(27,2,2019,'frank',51,167,138,54,34,40,0.725000,120,25,53,15),(28,2,2019,'gab',43,151,96,62,25,33,0.814000,74,21,20,12),(29,2,2019,'karl',44,138,105,54,15,51,0.733000,101,28,33,20),(30,2,2019,'calv',36,140,111,57,20,44,0.709000,109,18,42,13),(31,2,2019,'milbs',84,170,71,67,53,31,0.730000,84,38,25,21),(32,2,2019,'sam',64,149,89,64,40,32,0.735000,74,30,24,11),(33,2,2019,'salc',62,137,104,45,32,46,0.730000,101,19,25,28),(34,2,2019,'cost',50,132,80,42,33,32,0.726000,85,32,22,12),(35,2,2019,'shust',30,137,104,55,33,31,0.734000,89,32,33,14),(36,2,2019,'fewy',62,99,64,42,0,30,0.632000,61,19,20,17),(37,3,2019,'jim',97,131,77,41,52,41,0.663000,85,16,26,20),(38,3,2019,'schlong',75,130,109,44,24,38,0.715000,105,15,34,21),(39,3,2019,'staff',72,145,70,67,38,32,0.684000,77,19,14,18),(40,3,2019,'doe',91,154,128,48,28,39,0.734000,111,31,37,11),(41,3,2019,'kev',51,129,99,60,40,36,0.750000,91,20,24,15),(42,3,2019,'frank',49,173,134,60,19,26,0.720000,123,33,47,10),(43,3,2019,'karl',24,133,95,51,17,31,0.693000,90,15,28,18),(44,3,2019,'steve',56,163,109,64,28,37,0.739000,98,26,38,13),(45,3,2019,'milbs',60,118,66,60,43,20,0.772000,60,28,18,12),(46,3,2019,'davo',36,112,132,38,17,34,0.758000,122,24,39,22),(47,3,2019,'salc',75,150,81,62,22,45,0.710000,90,15,30,14),(48,3,2019,'bark',27,144,111,37,22,46,0.722000,93,17,39,16),(49,3,2019,'gab',41,137,68,57,24,22,0.722000,75,31,24,19),(50,3,2019,'fewy',94,150,94,57,0,33,0.713000,93,26,19,22),(51,3,2019,'calv',69,163,105,55,7,39,0.728000,116,39,48,24),(52,3,2019,'shust',37,133,101,54,42,30,0.714000,88,19,37,19),(53,3,2019,'sam',37,145,95,61,11,40,0.746000,84,24,26,13),(54,3,2019,'cost',63,139,103,45,33,44,0.698000,92,24,29,11),(55,4,2019,'jim',80,138,75,64,50,32,0.714000,75,21,14,14),(56,4,2019,'frank',30,140,120,65,22,32,0.692000,95,27,33,11),(57,4,2019,'gab',37,130,93,64,29,43,0.803000,71,22,28,19),(58,4,2019,'cost',47,140,89,68,41,36,0.721000,86,20,24,17),(59,4,2019,'bark',16,148,106,45,18,47,0.689000,102,32,42,13),(60,4,2019,'shust',45,134,81,57,60,45,0.712000,99,17,28,13),(61,4,2019,'davo',79,152,101,60,28,32,0.688000,113,25,31,24),(62,4,2019,'fewy',28,152,99,84,0,33,0.757000,81,20,17,23),(63,4,2019,'salc',26,122,102,52,40,40,0.750000,84,23,24,19),(64,4,2019,'steve',55,152,129,67,24,32,0.790000,107,28,37,14),(65,4,2019,'kev',37,153,88,84,11,25,0.722000,72,32,17,18),(66,4,2019,'milbs',48,161,67,61,57,16,0.719000,74,34,18,14),(67,4,2019,'staff',45,136,74,66,37,38,0.724000,71,22,16,28),(68,4,2019,'karl',33,149,117,68,6,42,0.756000,104,35,33,24),(69,4,2019,'sam',40,145,78,62,20,30,0.812000,81,26,21,14),(70,4,2019,'calv',27,139,100,54,21,41,0.703000,92,21,27,18),(71,4,2019,'schlong',70,154,87,64,22,26,0.734000,94,19,27,16),(72,4,2019,'doe',42,154,116,49,23,41,0.696000,111,17,36,15),(73,5,2019,'jim',46,127,92,61,47,31,0.689000,83,15,17,23),(74,5,2019,'milbs',36,135,91,62,32,25,0.770000,71,25,15,19),(75,5,2019,'davo',82,144,111,55,13,36,0.769000,98,33,36,28),(76,5,2019,'cost',60,156,96,65,43,41,0.702000,95,32,32,7),(77,5,2019,'sam',70,165,97,62,26,25,0.756000,97,26,29,16),(78,5,2019,'bark',38,138,139,64,21,40,0.762000,86,25,29,14),(79,5,2019,'gab',32,134,101,62,14,36,0.770000,79,24,28,24),(80,5,2019,'calv',10,117,126,44,17,35,0.724000,86,18,34,18),(81,5,2019,'kev',66,122,116,49,24,26,0.773000,84,21,26,23),(82,5,2019,'fewy',63,146,75,53,0,35,0.751000,72,28,16,10),(83,5,2019,'staff',106,164,70,68,35,31,0.748000,93,24,21,23),(84,5,2019,'salc',60,134,105,50,37,24,0.749000,91,20,22,23),(85,5,2019,'shust',42,129,82,59,36,27,0.701000,68,15,20,9),(86,5,2019,'steve',46,153,119,61,25,40,0.779000,102,24,33,10),(87,5,2019,'doe',31,134,134,49,23,29,0.728000,109,13,43,9),(88,5,2019,'karl',34,143,117,64,25,33,0.750000,88,22,30,17),(89,5,2019,'schlong',41,121,88,57,25,34,0.694000,78,16,21,24),(90,5,2019,'frank',20,144,122,70,27,23,0.692000,85,29,29,12),(91,6,2019,'schlong',58,136,87,53,21,35,0.650000,89,17,26,33),(92,6,2019,'karl',43,139,100,57,30,39,0.665000,108,22,36,21),(93,6,2019,'milbs',68,162,85,69,50,28,0.721000,80,31,23,17),(94,6,2019,'frank',40,150,121,61,25,38,0.723000,100,24,23,4),(95,6,2019,'doe',62,132,112,51,31,40,0.664000,114,10,30,8),(96,6,2019,'salc',19,143,97,55,41,40,0.733000,83,19,36,16),(97,6,2019,'jim',40,144,81,56,43,42,0.627000,94,31,27,30),(98,6,2019,'fewy',49,152,95,69,0,44,0.789000,95,29,22,17),(99,6,2019,'staff',60,141,101,76,55,39,0.736000,111,23,30,17),(100,6,2019,'shust',28,123,101,48,44,33,0.723000,86,23,26,17),(101,6,2019,'kev',25,144,103,44,28,29,0.745000,87,32,25,22),(102,6,2019,'cost',48,137,103,46,53,35,0.663000,104,19,30,12),(103,6,2019,'sam',65,117,110,42,40,32,0.709000,99,25,25,12),(104,6,2019,'steve',40,144,113,59,33,49,0.704000,86,24,29,14),(105,6,2019,'davo',54,117,106,45,0,43,0.695000,99,26,39,17),(106,6,2019,'calv',15,161,125,63,32,48,0.734000,104,32,40,25),(107,6,2019,'gab',39,151,106,58,26,42,0.778000,91,31,36,19),(108,6,2019,'bark',64,144,97,47,27,38,0.651000,87,17,29,19),(109,7,2019,'schlong',42,132,97,51,35,35,0.681000,92,15,30,23),(110,7,2019,'milbs',36,135,97,66,48,25,0.716000,75,26,20,12),(111,7,2019,'karl',34,125,95,69,27,22,0.691000,75,23,24,15),(112,7,2019,'salc',41,154,101,54,26,44,0.702000,96,20,34,21),(113,7,2019,'frank',37,146,98,51,14,32,0.701000,92,30,32,12),(114,7,2019,'fewy',66,150,111,64,0,35,0.759000,99,17,21,18),(115,7,2019,'doe',81,139,127,60,30,39,0.767000,111,16,36,13),(116,7,2019,'shust',53,116,92,32,39,36,0.663000,103,18,34,10),(117,7,2019,'jim',62,135,99,44,62,36,0.679000,101,22,24,14),(118,7,2019,'cost',39,105,70,52,65,47,0.691000,76,12,25,22),(119,7,2019,'staff',100,133,77,65,41,32,0.762000,69,26,19,25),(120,7,2019,'sam',61,137,110,52,44,37,0.729000,103,20,31,14),(121,7,2019,'kev',45,118,102,40,25,36,0.741000,83,28,18,19),(122,7,2019,'calv',19,114,99,33,0,34,0.690000,82,22,29,11),(123,7,2019,'gab',49,158,117,61,34,47,0.720000,103,28,33,16),(124,7,2019,'steve',22,124,129,55,34,32,0.704000,92,31,35,11),(125,7,2019,'davo',32,125,111,34,27,33,0.716000,100,30,42,21),(126,7,2019,'bark',46,148,97,48,26,44,0.633000,95,23,28,18),(127,8,2019,'karl',51,147,94,55,22,51,0.627000,107,20,33,16),(128,8,2019,'shust',43,131,105,46,50,42,0.636000,92,20,32,8),(129,8,2019,'milbs',63,146,55,63,47,27,0.706000,58,26,13,20),(130,8,2019,'fewy',58,148,74,62,0,32,0.667000,79,16,19,14),(131,8,2019,'schlong',55,119,94,34,44,46,0.685000,98,20,31,28),(132,8,2019,'salc',42,122,112,35,33,59,0.650000,109,21,38,16),(133,8,2019,'frank',44,124,94,29,18,47,0.628000,113,18,29,17),(134,8,2019,'cost',41,107,93,47,24,43,0.740000,85,13,24,23),(135,8,2019,'doe',62,142,112,46,45,26,0.654000,125,15,51,13),(136,8,2019,'sam',58,140,84,40,34,38,0.741000,87,27,25,14),(137,8,2019,'jim',29,132,113,48,44,50,0.694000,110,29,35,6),(138,8,2019,'calv',20,131,127,48,13,40,0.694000,111,34,40,15),(139,8,2019,'staff',70,134,83,66,37,41,0.747000,84,37,28,21),(140,8,2019,'gab',29,154,95,57,39,34,0.695000,103,40,35,21),(141,8,2019,'kev',51,139,92,52,38,37,0.701000,97,32,28,20),(142,8,2019,'bark',29,143,108,46,27,43,0.697000,93,22,33,21),(143,8,2019,'davo',17,116,125,40,23,40,0.660000,111,19,33,22),(144,8,2019,'steve',33,154,119,58,37,46,0.678000,104,34,39,13),(145,9,2019,'schlong',26,126,110,57,38,42,0.725000,90,19,23,35),(146,9,2019,'fewy',48,159,110,56,0,49,0.729000,94,26,21,12),(147,9,2019,'jim',49,156,87,56,34,40,0.728000,98,17,40,11),(148,9,2019,'bark',47,135,94,58,24,46,0.716000,77,29,25,9),(149,9,2019,'staff',99,150,94,75,29,37,0.762000,77,20,28,28),(150,9,2019,'davo',47,146,124,51,24,33,0.759000,102,37,31,27),(151,9,2019,'kev',48,122,99,64,41,26,0.783000,77,29,22,25),(152,9,2019,'steve',31,149,119,57,39,38,0.757000,117,26,44,8),(153,9,2019,'salc',34,122,93,40,6,41,0.726000,89,27,25,9),(154,9,2019,'shust',36,149,102,59,50,40,0.693000,95,21,26,15),(155,9,2019,'milbs',95,138,68,63,62,23,0.772000,81,22,17,11),(156,9,2019,'cost',46,131,99,60,32,42,0.722000,97,13,36,20),(157,9,2019,'sam',55,165,97,62,37,30,0.679000,106,29,38,22),(158,9,2019,'karl',43,149,106,61,33,48,0.698000,99,26,32,20),(159,9,2019,'frank',58,101,102,38,23,44,0.739000,94,12,27,10),(160,9,2019,'calv',27,132,99,42,7,43,0.697000,83,33,18,15),(161,9,2019,'doe',59,141,112,37,33,25,0.668000,120,15,43,14),(162,9,2019,'gab',36,135,120,66,23,33,0.725000,76,24,15,24),(163,10,2019,'fewy',58,152,86,55,2,50,0.714000,92,27,18,12),(164,10,2019,'cost',34,119,105,54,12,46,0.732000,89,12,22,14),(165,10,2019,'sam',51,174,103,50,44,42,0.664000,119,23,45,14),(166,10,2019,'salc',33,145,104,43,10,62,0.655000,107,30,41,20),(167,10,2019,'milbs',56,138,71,58,36,20,0.651000,79,29,13,15),(168,10,2019,'calv',13,143,113,39,48,44,0.758000,113,32,34,9),(169,10,2019,'gab',16,141,89,50,21,40,0.661000,86,36,26,20),(170,10,2019,'karl',16,133,99,43,27,40,0.659000,102,41,33,28),(171,10,2019,'frank',58,117,99,42,9,41,0.736000,83,21,31,17),(172,10,2019,'bark',44,143,83,51,3,28,0.695000,76,20,27,9),(173,10,2019,'doe',34,142,103,50,27,37,0.665000,102,18,30,20),(174,10,2019,'davo',34,133,94,48,34,42,0.731000,92,33,36,16),(175,10,2019,'jim',63,156,113,51,51,62,0.651000,122,26,47,15),(176,10,2019,'steve',40,167,101,57,57,37,0.701000,113,16,49,9),(177,10,2019,'staff',60,139,105,48,37,41,0.676000,97,22,28,12),(178,10,2019,'kev',64,147,85,49,29,39,0.694000,82,28,28,21),(179,10,2019,'schlong',38,108,97,39,40,44,0.741000,72,20,16,19),(180,10,2019,'shust',30,120,92,53,79,42,0.689000,100,23,38,10),(181,11,2019,'schlong',44,144,85,60,15,32,0.738000,73,21,30,15),(182,11,2019,'cost',43,143,97,71,34,54,0.717000,94,18,27,13),(183,11,2019,'sam',113,151,122,69,37,26,0.762000,99,23,45,9),(184,11,2019,'shust',45,128,101,47,66,37,0.721000,87,20,29,20),(185,11,2019,'calv',14,112,107,46,28,44,0.767000,80,22,30,16),(186,11,2019,'fewy',66,148,90,61,0,35,0.744000,93,22,22,22),(187,11,2019,'gab',20,126,100,64,26,30,0.819000,76,23,24,25),(188,11,2019,'salc',30,144,92,47,19,35,0.678000,89,22,30,18),(189,11,2019,'milbs',54,155,95,68,36,17,0.684000,77,24,19,18),(190,11,2019,'bark',66,166,70,73,0,38,0.733000,82,25,16,14),(191,11,2019,'davo',35,148,121,62,24,30,0.699000,115,29,42,17),(192,11,2019,'karl',69,145,90,65,38,30,0.664000,113,22,32,19),(193,11,2019,'frank',75,130,112,58,33,26,0.764000,86,21,31,10),(194,11,2019,'steve',32,111,86,37,28,39,0.711000,98,20,36,16),(195,11,2019,'doe',60,165,128,51,13,40,0.662000,107,30,45,13),(196,11,2019,'kev',48,139,107,56,34,24,0.776000,88,29,21,14),(197,11,2019,'jim',61,160,92,55,49,33,0.679000,98,34,35,12),(198,11,2019,'staff',30,97,93,46,42,25,0.674000,78,17,34,6),(199,12,2019,'shust',32,93,55,42,37,36,0.723000,59,13,11,16),(200,12,2019,'cost',45,125,84,51,79,40,0.775000,77,21,27,27),(201,12,2019,'sam',23,144,81,61,29,32,0.676000,81,20,33,19),(202,12,2019,'fewy',33,79,40,34,0,19,0.697000,46,11,1,16),(203,12,2019,'salc',18,138,93,58,0,38,0.732000,73,25,19,9),(204,12,2019,'calv',26,137,122,48,8,37,0.726000,93,31,37,24),(205,12,2019,'milbs',52,120,64,49,43,14,0.685000,65,23,19,19),(206,12,2019,'gab',34,137,58,50,19,27,0.708000,69,38,16,15),(207,12,2019,'karl',22,66,57,34,34,24,0.675000,57,12,9,19),(208,12,2019,'bark',21,98,78,45,22,24,0.739000,63,13,21,9),(209,12,2019,'frank',32,117,93,48,0,20,0.686000,80,19,25,6),(210,12,2019,'davo',41,111,76,54,0,32,0.765000,82,27,30,20),(211,12,2019,'doe',47,63,40,23,0,13,0.660000,39,4,9,1),(212,12,2019,'steve',55,140,89,63,26,38,0.747000,90,22,21,9),(213,12,2019,'jim',54,119,90,40,48,31,0.660000,101,17,33,19),(214,12,2019,'kev',46,122,64,48,33,16,0.699000,71,26,8,12),(215,12,2019,'schlong',36,138,79,42,20,33,0.705000,97,23,38,23),(216,12,2019,'staff',35,110,71,60,38,25,0.691000,68,24,15,22),(217,13,2019,'shust',32,124,91,45,20,21,0.753000,77,31,19,19),(218,13,2019,'cost',16,116,90,51,63,29,0.670000,77,21,25,16),(219,13,2019,'sam',43,118,89,57,54,35,0.696000,66,14,21,4),(220,13,2019,'fewy',96,105,75,53,0,32,0.717000,68,12,6,17),(221,13,2019,'salc',14,77,74,39,25,33,0.788000,63,25,18,22),(222,13,2019,'calv',8,100,114,29,0,39,0.771000,78,18,33,6),(223,13,2019,'milbs',60,102,68,48,13,21,0.747000,51,10,13,6),(224,13,2019,'gab',13,98,72,35,0,34,0.712000,60,21,22,11),(225,13,2019,'karl',72,112,73,45,83,16,0.751000,84,14,30,15),(226,13,2019,'bark',66,137,83,55,3,42,0.682000,86,23,28,12),(227,13,2019,'frank',36,132,62,40,21,27,0.696000,56,17,17,11),(228,13,2019,'davo',51,116,95,46,40,40,0.701000,92,15,42,12),(229,13,2019,'doe',34,124,103,46,0,36,0.789000,100,16,38,14),(230,13,2019,'steve',46,141,82,54,41,33,0.735000,84,23,32,12),(231,13,2019,'jim',27,118,78,50,38,30,0.668000,79,23,29,11),(232,13,2019,'kev',48,90,77,43,3,23,0.772000,49,17,9,2),(233,13,2019,'schlong',45,123,84,54,54,38,0.749000,79,21,25,28),(234,13,2019,'staff',50,101,66,49,19,38,0.737000,65,14,14,25),(235,14,2019,'shust',30,140,87,48,50,39,0.767000,81,25,36,12),(236,14,2019,'cost',28,104,90,45,11,35,0.696000,67,17,25,13),(237,14,2019,'sam',68,127,118,66,6,19,0.751000,85,17,19,6),(238,14,2019,'fewy',12,117,55,52,0,29,0.797000,50,23,12,12),(239,14,2019,'salc',16,103,66,40,24,26,0.704000,59,29,16,15),(240,14,2019,'calv',43,75,39,29,7,25,0.728000,47,14,10,7),(241,14,2019,'milbs',35,136,94,58,48,32,0.770000,62,31,15,24),(242,14,2019,'gab',18,134,88,53,25,39,0.644000,85,25,33,16),(243,14,2019,'karl',20,85,63,33,16,23,0.669000,55,15,20,11),(244,14,2019,'bark',42,123,114,54,9,41,0.717000,96,22,33,9),(245,14,2019,'frank',39,135,85,50,48,44,0.664000,94,17,43,9),(246,14,2019,'davo',55,108,70,53,40,30,0.736000,67,23,19,18),(247,14,2019,'doe',32,107,81,34,0,32,0.713000,80,22,25,10),(248,14,2019,'steve',26,99,50,46,0,25,0.738000,46,11,14,9),(249,14,2019,'jim',46,90,41,37,0,21,0.649000,54,15,12,12),(250,14,2019,'kev',22,93,56,40,20,22,0.691000,59,18,14,15),(251,14,2019,'schlong',52,106,97,41,31,63,0.704000,90,9,29,20),(252,14,2019,'staff',31,109,76,45,78,37,0.724000,79,28,32,29),(253,15,2019,'davo',74,125,109,57,42,26,0.709000,101,14,28,16),(254,15,2019,'salc',27,161,107,51,35,36,0.705000,110,34,42,15),(255,15,2019,'jim',61,144,75,50,59,22,0.635000,96,25,22,32),(256,15,2019,'doe',36,142,114,53,1,51,0.609000,121,24,36,24),(257,15,2019,'milbs',38,159,61,50,27,29,0.682000,63,29,17,15),(258,15,2019,'steve',28,131,107,49,30,42,0.685000,93,17,30,19),(259,15,2019,'kev',21,118,101,41,13,49,0.658000,86,18,21,13),(260,15,2019,'karl',23,127,99,42,10,43,0.664000,105,21,34,25),(261,15,2019,'staff',70,104,97,46,73,29,0.687000,85,13,29,25),(262,15,2019,'frank',47,138,128,36,45,48,0.718000,130,19,50,18),(263,15,2019,'bark',39,155,113,46,21,43,0.679000,109,26,40,16),(264,15,2019,'fewy',38,131,69,44,3,46,0.760000,63,34,20,15),(265,15,2019,'gab',2,143,85,44,34,54,0.645000,91,38,28,27),(266,15,2019,'shust',36,162,113,54,62,34,0.684000,122,33,32,16),(267,15,2019,'calv',16,157,111,47,31,43,0.653000,103,32,48,15),(268,15,2019,'cost',57,150,97,53,21,51,0.640000,99,23,36,6),(269,15,2019,'schlong',61,137,99,49,40,34,0.644000,101,23,35,22),(270,15,2019,'sam',53,160,89,51,39,43,0.631000,102,34,38,16),(271,16,2019,'schlong',59,134,100,49,44,36,0.709000,93,25,28,12),(272,16,2019,'calv',25,145,115,56,24,45,0.700000,102,27,35,16),(273,16,2019,'jim',78,168,88,62,36,28,0.711000,115,30,45,18),(274,16,2019,'karl',12,145,105,57,22,37,0.660000,89,25,33,16),(275,16,2019,'doe',46,142,80,38,13,35,0.617000,106,15,42,13),(276,16,2019,'frank',39,141,86,52,35,44,0.727000,90,19,37,13),(277,16,2019,'sam',43,155,108,57,27,39,0.684000,98,35,32,18),(278,16,2019,'gab',38,121,136,38,53,49,0.747000,108,28,38,11),(279,16,2019,'bark',52,139,112,51,24,51,0.721000,112,29,36,6),(280,16,2019,'cost',33,119,106,35,37,39,0.676000,88,25,40,9),(281,16,2019,'davo',39,127,98,57,59,36,0.760000,102,16,32,41),(282,16,2019,'shust',12,120,68,42,34,34,0.702000,58,21,12,10),(283,16,2019,'steve',39,136,97,55,39,41,0.691000,88,16,26,10),(284,16,2019,'fewy',58,166,69,71,4,47,0.711000,75,34,20,18),(285,16,2019,'kev',71,125,81,49,13,31,0.748000,80,21,20,16),(286,16,2019,'salc',36,158,100,53,29,46,0.709000,103,30,37,23),(287,16,2019,'staff',34,111,96,47,36,40,0.773000,85,20,28,24),(288,16,2019,'milbs',34,127,80,69,1,23,0.754000,53,25,10,10),(289,17,2019,'calv',43,127,110,39,45,53,0.608000,112,30,45,22),(290,17,2019,'bark',51,133,111,51,14,47,0.730000,103,29,28,19),(291,17,2019,'schlong',22,141,105,51,41,30,0.732000,98,25,27,30),(292,17,2019,'gab',45,146,109,42,36,59,0.655000,109,30,44,21),(293,17,2019,'sam',54,138,89,46,36,43,0.700000,68,25,30,30),(294,17,2019,'davo',19,109,97,39,43,38,0.723000,95,24,32,30),(295,17,2019,'steve',44,159,105,54,32,39,0.708000,115,28,43,20),(296,17,2019,'cost',17,127,98,50,41,43,0.689000,88,28,23,15),(297,17,2019,'kev',97,148,98,78,8,33,0.715000,90,18,23,20),(298,17,2019,'shust',35,148,106,46,31,38,0.642000,96,28,27,14),(299,17,2019,'staff',74,154,90,62,28,41,0.762000,97,19,38,26),(300,17,2019,'fewy',42,127,85,45,17,37,0.689000,81,30,23,26),(301,17,2019,'doe',56,159,111,52,24,53,0.622000,119,15,42,7),(302,17,2019,'milbs',48,165,99,56,34,40,0.739000,70,27,18,20),(303,17,2019,'frank',23,123,87,36,35,45,0.690000,94,19,41,18),(304,17,2019,'karl',62,137,123,47,16,44,0.619000,105,22,31,19),(305,17,2019,'jim',31,166,92,49,30,58,0.678000,107,25,34,18),(306,17,2019,'salc',14,149,84,51,42,30,0.695000,80,36,27,24),(307,18,2019,'schlong',36,151,84,60,27,36,0.757000,80,29,28,19),(308,18,2019,'bark',39,129,95,53,20,35,0.746000,63,24,16,21),(309,18,2019,'gab',27,151,110,50,30,53,0.697000,109,33,35,21),(310,18,2019,'davo',30,126,105,61,34,46,0.706000,101,21,36,17),(311,18,2019,'calv',46,132,124,66,19,51,0.746000,101,18,29,13),(312,18,2019,'steve',35,133,105,53,40,34,0.735000,75,24,30,12),(313,18,2019,'kev',28,116,95,39,27,35,0.758000,87,25,20,16),(314,18,2019,'sam',54,155,142,60,39,34,0.734000,122,32,35,12),(315,18,2019,'staff',48,133,86,53,33,41,0.758000,79,28,33,28),(316,18,2019,'cost',53,115,85,54,34,40,0.745000,78,9,23,18),(317,18,2019,'staff',48,133,86,53,33,41,0.758000,79,28,33,28),(318,18,2019,'cost',53,115,85,54,34,40,0.745000,78,9,23,18),(319,18,2019,'doe',72,163,87,61,24,37,0.676000,97,20,36,9),(320,18,2019,'fewy',67,108,91,52,19,33,0.784000,70,13,18,16),(321,18,2019,'frank',59,141,104,52,21,47,0.673000,98,20,42,4),(322,18,2019,'salc',44,134,84,45,44,41,0.748000,79,20,28,10),(323,18,2019,'milbs',51,146,84,56,48,23,0.670000,63,27,15,10),(324,18,2019,'karl',84,125,103,40,30,34,0.693000,108,14,45,16),(325,19,2019,'milbs',70,154,78,65,60,28,0.737000,73,29,19,16),(326,19,2019,'salc',29,149,93,42,39,40,0.698000,92,25,36,19),(327,19,2019,'karl',60,128,100,54,27,37,0.737000,89,12,24,16),(328,19,2019,'fewy',80,120,91,54,0,41,0.782000,73,15,16,23),(329,19,2019,'frank',63,133,104,67,22,33,0.717000,103,22,37,4),(330,19,2019,'shust',26,145,87,60,36,34,0.733000,62,24,21,8),(331,19,2019,'doe',63,151,110,57,12,39,0.701000,109,18,38,7),(332,19,2019,'cost',41,120,88,46,23,31,0.721000,77,18,33,18),(333,19,2019,'staff',50,144,93,50,19,37,0.692000,102,37,28,15),(334,19,2019,'calv',32,119,115,47,35,37,0.684000,96,34,48,18),(335,19,2019,'jim',71,156,99,53,49,38,0.702000,98,26,26,22),(336,19,2019,'sam',62,160,118,60,33,38,0.683000,101,16,35,11),(337,19,2019,'kev',83,149,100,61,10,29,0.759000,100,26,22,9),(338,19,2019,'gab',16,134,107,37,12,47,0.714000,102,33,28,21),(339,19,2019,'bark',61,128,90,45,12,29,0.693000,84,16,25,22),(340,19,2019,'steve',54,121,110,51,34,39,0.723000,93,17,34,12),(341,19,2019,'schlong',43,124,96,52,42,46,0.764000,98,14,34,15),(342,19,2019,'davo',63,119,104,60,23,43,0.789000,87,18,29,32),(343,20,2019,'jim',28,150,92,66,26,29,0.694000,85,23,23,20),(344,20,2019,'frank',35,149,99,59,24,52,0.710000,88,28,38,8),(345,20,2019,'sam',59,137,97,62,32,21,0.735000,90,16,25,10),(346,20,2019,'steve',31,135,97,64,30,26,0.711000,85,18,24,15),(347,20,2019,'doe',82,165,118,61,9,42,0.703000,121,21,47,16),(348,20,2019,'kev',60,147,101,74,24,39,0.730000,82,34,25,11),(349,20,2019,'bark',27,124,116,57,23,38,0.725000,86,19,29,5),(350,20,2019,'fewy',54,134,76,53,17,37,0.724000,74,32,12,21),(351,20,2019,'schlong',20,146,94,59,38,39,0.750000,90,32,36,22),(352,20,2019,'calv',39,141,110,59,14,41,0.733000,81,23,38,15),(353,20,2019,'milbs',65,149,89,80,28,26,0.752000,66,32,12,10),(354,20,2019,'karl',80,133,97,58,29,39,0.717000,97,17,31,27),(355,20,2019,'staff',47,146,97,60,22,47,0.724000,92,27,39,5),(356,20,2019,'salc',44,139,91,44,43,38,0.722000,69,23,24,15),(357,20,2019,'gab',26,149,100,60,32,48,0.767000,92,25,32,19),(358,20,2019,'davo',45,117,88,56,35,26,0.717000,90,19,29,11),(359,21,2019,'jim',51,177,87,62,29,37,0.659000,100,23,23,20),(360,21,2019,'doe',41,161,95,54,8,44,0.621000,97,26,38,22),(361,21,2019,'bark',38,127,95,43,34,46,0.707000,79,26,25,14),(362,21,2019,'steve',46,155,99,63,42,54,0.717000,103,27,38,10),(363,21,2019,'kev',37,109,105,49,5,42,0.734000,86,26,22,23),(364,21,2019,'fewy',36,116,84,46,0,45,0.720000,72,27,12,23),(365,21,2019,'schlong',9,155,110,48,29,52,0.709000,92,23,28,31),(366,21,2019,'staff',21,142,79,48,35,52,0.692000,83,20,37,13),(367,21,2019,'milbs',63,154,65,65,54,19,0.708000,67,29,13,20),(368,21,2019,'gab',38,142,99,36,26,55,0.693000,103,27,37,14),(369,21,2019,'davo',25,108,114,36,27,40,0.721000,106,23,31,28),(370,21,2019,'salc',19,131,86,47,0,25,0.668000,90,25,34,16),(371,22,2019,'frank',57,129,101,42,9,32,0.665000,104,16,32,6),(372,22,2019,'steve',40,133,121,51,28,37,0.736000,125,21,42,13),(373,22,2019,'jim',89,138,83,48,60,33,0.647000,91,17,20,12),(374,22,2019,'sam',27,136,90,42,16,38,0.699000,91,27,28,16),(375,22,2019,'doe',59,135,114,52,29,46,0.727000,104,11,41,14),(376,22,2019,'bark',29,123,101,50,31,48,0.643000,96,16,33,20),(377,22,2019,'milbs',44,130,81,55,42,18,0.744000,57,31,11,13),(378,22,2019,'calv',41,152,118,38,23,41,0.667000,129,32,54,14),(379,22,2019,'schlong',54,153,115,47,8,33,0.724000,95,28,40,16),(380,22,2019,'karl',61,126,80,44,28,50,0.733000,88,21,26,29),(381,22,2019,'staff',38,128,101,40,21,40,0.651000,104,29,35,22),(382,22,2019,'gab',19,142,103,48,41,42,0.698000,95,25,36,13),(383,23,2019,'jim',60,155,130,58,42,32,0.723000,105,25,39,19),(384,23,2019,'steve',52,130,102,61,24,39,0.694000,93,19,43,7),(385,23,2019,'frank',51,134,124,46,22,46,0.694000,113,12,45,4),(386,23,2019,'sam',42,140,98,47,58,22,0.718000,88,26,28,14),(387,23,2019,'karl',46,115,90,35,43,47,0.610000,89,16,27,9),(388,23,2019,'calv',36,163,112,44,34,50,0.676000,121,16,56,11),(389,23,2019,'schlong',59,143,101,59,9,31,0.709000,71,29,26,19),(390,23,2019,'milbs',63,120,63,45,3,14,0.678000,55,27,10,9);
/*!40000 ALTER TABLE `round_score` ENABLE KEYS */;
UNLOCK TABLES;

--
-- Table structure for table `score_settings`
--

DROP TABLE IF EXISTS `score_settings`;
/*!40101 SET @saved_cs_client     = @@character_set_client */;
/*!50503 SET character_set_client = utf8mb4 */;
CREATE TABLE `score_settings` (
  `ss_year` int NOT NULL,
  `ss_score` int DEFAULT NULL,
  `ss_kicks` int DEFAULT NULL,
  `ss_handballs` int DEFAULT NULL,
  `ss_marks` int DEFAULT NULL,
  `ss_hitouts` int DEFAULT NULL,
  `ss_tackles` int DEFAULT NULL,
  `ss_disposal_efficiency` int DEFAULT NULL,
  `ss_contested_posessions` int DEFAULT NULL,
  `ss_rebound_50s` int DEFAULT NULL,
  `ss_clearances` int DEFAULT NULL,
  `ss_spoils` int DEFAULT NULL,
  PRIMARY KEY (`ss_year`)
) ENGINE=InnoDB DEFAULT CHARSET=latin1;
/*!40101 SET character_set_client = @saved_cs_client */;

--
-- Dumping data for table `score_settings`
--

LOCK TABLES `score_settings` WRITE;
/*!40000 ALTER TABLE `score_settings` DISABLE KEYS */;
INSERT INTO `score_settings` VALUES (2019,8,6,6,4,3,4,3,2,1,1,3);
/*!40000 ALTER TABLE `score_settings` ENABLE KEYS */;
UNLOCK TABLES;
/*!40103 SET TIME_ZONE=@OLD_TIME_ZONE */;

/*!40101 SET SQL_MODE=@OLD_SQL_MODE */;
/*!40014 SET FOREIGN_KEY_CHECKS=@OLD_FOREIGN_KEY_CHECKS */;
/*!40014 SET UNIQUE_CHECKS=@OLD_UNIQUE_CHECKS */;
/*!40101 SET CHARACTER_SET_CLIENT=@OLD_CHARACTER_SET_CLIENT */;
/*!40101 SET CHARACTER_SET_RESULTS=@OLD_CHARACTER_SET_RESULTS */;
/*!40101 SET COLLATION_CONNECTION=@OLD_COLLATION_CONNECTION */;
/*!40111 SET SQL_NOTES=@OLD_SQL_NOTES */;

-- Dump completed on 2020-02-04 18:29:25